facility_id,phone,website,in_out,op_hour,fee,shower,parking
1,,,실내,,,,
2,,,없음,,,,
3,,,없음,,,,
4,,,실내,,,,
5,02-2066-1515,,실내,,,,
6,02-860-2023,,,,,,
7,02-860-2023,,,,,,
8,02-860-2023,,,,,,
9,02-3662-9081,gssi.or.kr,실내,,,,
10,02-3662-9081,,실외,,,,
11,02-330-1129,,실외,,,,
12,02-330-1411,,실외,,,,
13,,,실내,,,,
14,02-2627-1427,,,,,,
15,02-2627-1427,,,,,,
16,02-2176-0810,,실내,,,,
17,02-2176-0892,,실내,,,,
18,02-2176-0845,,실외,,,,
19,02-2176-0815,http//life.gangnam.go.kr,실내,,,,
20,02-1760-8013,http//life.gangnam.go.kr,실내,,,,
21,02-2176-0810,http//life.gnagnam.go.kr,실내,,,,
22,02-2133-4119,,실내,,,,
23,02-944-2914,http://www.gangbukcmc.seoul.kr/index.php,실내외,,,,
24,02-2600-6666,,실외,,,,
25,02-3661-1999,http://www.gssi.or.kr/,없음,,,,
26,02-3661-1999,http://www.gssi.or.kr/,실내,,,,
27,02-3662-9082,,실외,,,,
28,02-2045-7872,,실외,,,,
29,02-925-9960,https://www.gongden.go.kr/port,실내외,,,,
30,02-925-9960,gongdan.go.kr,실내,,,,
31,02-1899-6828,https://www.gurosisul.or.kr/mod.asp?m=business=b02-1=2,실내,,,,
32,02-2670-3761,,,,,,
33,,,,,,,
34,02-860-3087,https://yeyak.seoul.go.kr,실내외,,,,
35,02-2045-7630,,실내,,,,
36,,https://www.guro.go.kr/health/healthy_life/exercise_establishment/park_brook/gocheok_park.jsp,실외,,,,
37,,,,,,,
38,,,실내외,,,,
39,,,실내외,,,,
40,,,실내외,,,,
41,02-2666-9003,http://www.gssi.or.kr,실내외,,,,
42,,www.gwanakgongdan.or.kr,실외,,,,
43,02-870-7620,,실내외,,,,
44,02-870-0636,,실내,,,,
45,,,,,,,
46,02-2049-4800,http://gumin.gwangjin.or.kr/,없음,,,,
47,02-2049-4578,http://gjart.gwangjin.or.kr/,없음,,,,
48,02-858-5150,,실내,,,,
49,02-2681-9595,https://www.gurosisul.or.kr/mod.asp?m=business&s=b01,실내,,,,
50,02-8600-3320,,실내,,,,
51,02-2600-6579,,실외,,,,
52,02-3661-1999,,없음,,,,
53,02-860-2023,,,,,,
54,02-860-2022,,실외,,,,
55,02-2081-2690,,,,,,
56,02-860-3067,,실내외,,,,
57,02-330-1411,,없음,,,,
58,02-2607-9023,,실내,,,,
59,02-805-7678,,실내,,,,
60,02-861-1313,http://www.gfmc.kr/business2_01.html,없음,,,,
61,02-861-1313,http://www.gfmc.kr/business2_01.html,실내,,,,
62,061-830-6506,,,,,,
63,02-870-7690,https://www.gwanakgongdan.or.kr,실내,,,,
64,02-2600-4187,,,,,,
65,02-2148-1892,,,,,,
66,02-3780-0847,https://hangang.seoul.go.kr/www/contents/774.do?mid=505,실외,,,,
67,,,,,,,
68,02-2199-7564,,실외,,,,
69,02-2155-6752,,,,,,
70,02-2155-8714,,실외,,,,
71,,,,,,,
72,,,,,,,
73,,,,,,,
74,02-817-2070,,실외,,,,
75,,,,,,,
76,,,,,,,
77,,,실내외,,,,
78,,,,,,,
79,,,실내,,,,
80,02-860-2023,,실외,,,,
81,02-860-2023,,실외,,,,
82,02-860-2023,,실외,,,,
83,02-2148-1892,,,,,,
84,02-2091-3753,,실외,,,,
85,,,,,,,
86,02-2670-1106,,,,,,
87,,,,,,,
88,,,,,,,
89,02-2670-3858,,,,,,
90,02-2670-3760,,,,,,
91,02-2091-2364,,,,,,
92,02-901-5170,https://www.dobongsiseol.or.kr/swim/,실내,,,,
93,02-901-5122,https://www.dobongsiseol.or.kr/index_msport.html,실내,,,,
94,,,,,,,
95,02-2627-1427,,,,,,
96,02-2627-1655,,,,,,
97,02-869-7577,http://soccer.gfmc.kr/,실내,,,,
98,02-853-9271,,실내,,,,
99,02-855-8649,http://soccer.gfmc.kr/,실외,,,,
100,02-2247-9611,,없음,,,,
101,,www.ddmgongdan.or.kr,실내,,,,
102,02-6929-0959,,실내,,,,
103,070-8824-4478,ddmy.or.kr,실내,,,,
104,02-849-0100,www.idongjak.or.kr,실내,,,,
105,02-535-3341,,없음,,,,
106,,http://sports.idongjak.or.kr/,실외,,,,
107,02-3780-0847,https://hangang.seoul.go.kr/www/contents/774.do?mid=505,실외,,,,
108,,http://seoulforest.or.kr/,실외,,,,
109,02-3663-7171,www.gssi.or.kr,실내,,,,
110,02-3663-7171,,실내,,,,
111,,,실외,,,,
112,,,,,,,
113,,,실내외,,,,
114,02-2204-7640,,실외,,,,
115,02-443-0100,www.mcyouth.or.kr,실내,,,,
116,02-3153-9856,www.maposports.or.kr,실내외,,,,
117,,,,,,,
118,02-2627-1427,,,,,,
119,02-2155-6860,,,,,,
120,,,,,,,
121,02-3153-9872,,,,,,
122,02-332-7199,https://mapogym.or.kr/,없음,,,,
123,02-3153-9856,,없음,,,,
124,,,,,,,
125,,,,,,,
126,,,,,,,
127,,,,,,,
128,02-2176-0885,,실내,,,,
129,02-2094-1862,,실내,,,,
130,02-3422-4350,,실외,,,,
131,02-860-2023,,실외,,,,
132,02-860-2023,,실외,,,,
133,02-2649-8454,www.mdicerink.co.kr,실내,,,,
134,02-6738-9607,,실내,,,,
135,,sisul.yangchon.seoul.kr,실외,,,,
136,02-2148-1892,,,,,,
137,02-2148-1892,,,,,,
138,02-949-6464,,실내,,,,
139,02-2167-0100,,실내,,,,
140,02-2081-2640,https://www.gwanakgongdan.or.kr/,실내,,,,
141,02-901-6226,,,,,,
142,02-2627-1428,,,,,,
143,02-2627-1428,,,,,,
144,031-593-1330,,,,,,
145,02-2155-6773,,,,,,
146,02-2155-6224,,실외,,,,
147,02-2155-7712,,,,,,
148,02-535-2601,,실내외,,,,
149,02-901-6226,,,,,,
150,02-901-6226,,,,,,
151,02-901-6226,,,,,,
152,02-588-4111,https://sports.idongjak.or.kr/fac/fac_04.html,실내,,,,
153,02-595-5556,,없음,,,,
154,02-2148-1892,,,,,,
155,,,,,,,
156,02-2627-1664,,,,,,
157,02-2286-5213,Happysd.or.kr,실외,,,,
158,02-2204-7676,,실외,,,,
159,02-901-6226,,,,,,
160,02-901-6223,,실내외,,,,
161,02-901-6226,,,,,,
162,02-901-6226,,,,,,
163,,,없음,,,,
164,02-2627-1664,,,,,,
165,02-2148-1892,,,,,,
166,02-2148-4068,www.ijongno.co.kr,실외,,,,
167,02-901-6226,,,,,,
168,02-2289-6781,,실내,,,,
169,,,,,,,
170,02-3425-5274,,실외,,,,
171,02-3425-5274,,,,,,
172,02-330-1411,,없음,,,,
173,02-330-1411,,실외,,,,
174,02-334-0080,,없음,,,,
175,,,실내,,,,
176,,https://www.sscmc.or.kr/culture1/,실내,,,,
177,02-404-6240,www.sgsc.or.kr,실내,,,,
178,022-240-6600,,없음,,,,
179,02-822-2426,http://www.womansports.co.kr/,실내,,,,
180,02-2128-2958,https://www.sisul.or.kr/open_content/worldcup/,실외,,,,
181,,,없음,,,,
182,02-306-8848,www.seoulmccenter.or.kr,실내외,,,,
183,02-3481-9394,,,,,,
184,02-2155-7403,,,,,,
185,02-2155-7446,,,,,,
186,02-2155-7465,,,,,,
187,,,,,,,
188,591-591-6060,,실내,,,,
189,02-2155-6754,,,,,,
190,02-591-6060,,없음,,,,
191,02-572-6131,,실내,,,,
192,02-852-5357,,,,,,
193,,,,,,,
194,02-2081-2665,https://www.gwanakgongdan.or.kr,실내,,,,
195,02-3425-5275,,실외,,,,
196,,www.happysd.or.kr,실내,,,,
197,02-324-9863,,없음,,,,
198,02-2241-0681,,없음,,,,
199,02-909-3497,http://www.gongdan.go.kr,없음,,,,
200,02-6917-1100,Gongdan.go.kr,실내,,,,
201,02-6917-1100,http://www.gongdan.go.kr,실내,,,,
202,,,,,,,
203,02-2280-8455,,실외,,,,
204,02-901-6226,,,,,,
205,,,,,,,
206,02-403-2839,,없음,,,,
207,,,실외,,,,
208,02-2147-5134,,실내외,,,,
209,02-449-0500,http://www.youth1318.or.kr/,실내,,,,
210,02-2147-5134,https://www.songpa.go.kr/culture/contents.do?key=5405&,실외,,,,
211,02-6229-6682,,실내,,,,
212,02-2670-1297,,실내,,,,
213,02-2670-1356,,실내,,,,
214,02-2670-3857,,,,,,
215,02-831-2755,Singil.org,실내,,,,
216,,,,,,,
217,02-3422-4350,Www.jungnangimc.or.kr,실내,,,,
218,02-2094-0075,,,,,,
219,02-1899-9912,www.gurosisul.or.kr,실내,,,,
220,02-533-8602,,,,,,
221,02-869-1888,,실내,,,,
222,02-2155-6860,,,,,,
223,02-2155-6860,,,,,,
224,02-850-2302,,,,,,
225,02-2148-1892,,,,,,
226,02-2155-6773,,,,,,
227,02-2605-4093,www.ycs.or.kr,실내,,,,
228,02-1234-1234,stadium.seoul.go.kr,실외,,,,
229,,,,,,,
230,02-2630-2988,,실외,,,,
231,02-2600-4183,,,,,,
232,,,,,,,
233,02-2091-2364,,,,,,
234,02-3437-7234,http://stadium.gwangjin.or.kr/,실외,,,,
235,02-3437-7234,,,,,,
236,02-3437-7234,,,,,,
237,02-3437-7234,http://stadium.gwangjin.or.kr/,실외,,,,
238,02-901-6226,,,,,,
239,02-2627-1664,,,,,,
240,,,,,,,
241,02-860-2023,,실외,,,,
242,02-2627-1428,,,,,,
243,02-860-2023,,,,,,
244,02-2627-1863,,,,,,
245,02-860-2023,,실외,,,,
246,02-860-2023,,실외,,,,
247,02-2627-1428,,,,,,
248,02-2627-1428,,,,,,
249,02-2627-1428,,,,,,
250,02-2627-1428,,,,,,
251,02-2155-6755,,,,,,
252,02-2155-6214,,실외,,,,
253,02-575-3895,,,,,,
254,02-2155-6754,,,,,,
255,02-2155-6772,,,,,,
256,02-2652-1792,WWW.YCS.OR.KR,실내,,,,
257,02-2670-1198,,,,,,
258,02-2670-3765,,,,,,
259,02-2670-1222,,,,,,
260,,,,,,,
261,02-2630-2988,,실외,,,,
262,02-2630-2988,,없음,,,,
263,02-3780-0847,https://hangang.seoul.go.kr/www/contents/774.do?mid=505,실외,,,,
264,02-450-9310,,없음,,,,
265,02-860-2023,https://www.guro.go.kr/health/healthy_life/exercise_establishment/park_brook/anyang_brook.jsp,실외,,,,
266,02-577-7718,http://3ful.com,실내외,,,,
267,02-2155-6754,,,,,,
268,,,,,,,
269,,,,,,,
270,,,,,,,
271,02-2204-7650,http://sports.happysd.or.kr,실내,,,,
272,02-3153-9854,,실내,,,,
273,02-6346-7684,,없음,,,,
274,02-2630-2995,,없음,,,,
275,02-2670-1055,,,,,,
276,02-2670-1026,,,,,,
277,02-2670-1026,,실내,,,,
278,02-2670-1026,,실내,,,,
279,02-2670-1026,,,,,,
280,02-2630-2990,https://www.y-sisul.or.kr/mod.asp?m=business=h01,실내외,,,,
281,02-2650-1500,https://www.y-sisul.or.kr/mod.asp?m=business=a01,실내,,,,
282,02-2670-3142,y-sisul.or.kr,실내,,,,
283,02-2670-3522,https://yeyak.seoul.go.kr/reservation/view.web?rsvsvcid=S110408151117510650,실외,,,,
284,02-901-6226,,,,,,
285,02-901-6226,,,,,,
286,02-2147-5134,,실외,,,,
287,02-860-2022,,실외,,,,
288,,,,,,,
289,02-944-2950,www.gangbukcmc.seoul.kr,없음,,,,
290,,,실외,,,,
291,02-944-2932,,실내,,,,
292,,www.songpa.seoul.kr,실외,,,,
293,,,,,,,
294,02-2045-7800,,실내,,,,
295,02-2180-3743,,실내,,,,
296,02-2180-3743,,실외,,,,
297,02-2180-3743,http://sports.ksponco.or.kr/index.es?sid=a2,실내,,,,
298,02-2180-3743,,실외,,,,
299,,https://www.ijongno.co.kr/main,실내,,,,
300,,,실내,,,,
301,02-754-1892,,없음,,,,
302,,,,,,,
303,,,,,,,
304,02-436-3466,http://www.jungnangimc.or.kr,실외,,,,
305,02-437-2949,,실외,,,,
306,02-707-2492,http://www.yongsangu-sc.or.kr/,실내외,,,,
307,02-749-0102,yong-san.or.kr/youspool,실내,,,,
308,02-2199-7563,,실내,,,,
309,02-2289-6870,,실내,,,,
310,02-901-6226,,,,,,
311,02-2045-7979,,실내외,,,,
312,02-2627-1664,,,,,,
313,02-350-5393,https://cult.ep.go.kr/CmsWeb/viewPage.req?idx=PG0000003348,실외,,,,
314,02-350-5324,www.eunpyeongspo.seoul.kr,실내,,,,
315,02-350-5325,https://cult.ep.go.kr/CmsWeb/viewPage.req?idx=PG0000003349,실내,,,,
316,070-4117-9561,,실내외,,,,
317,02-2600-4183,,,,,,
318,,,,,,,
319,02-2199-7593,hangang.seoul.go.kr,실외,,,,
320,02-797-1016,hangang.seoul.go.kr,실외,,,,
321,02-2204-7650,www.happysd.or.kr,실외,,,,
322,02-2204-7676,,실외,,,,
323,02-6929-0682,www.dfmc.kr,실내외,,,,
324,02-6929-0681,,실외,,,,
325,,,,,,,
326,02-2176-0845,,실내,,,,
327,02-2045-7864,,실내,,,,
328,02-3780-0847,,실외,,,,
329,,,,,,,
330,,,,,,,
331,,,,,,,
332,,,,,,,
333,02-2240-8800,stadium.seoul.go.kr,실외,,,,
334,,,실외,,,,
335,02-3780-0847,https://hangang.seoul.go.kr/www/contents/774.do?mid=505,실외,,,,
336,02-533-7509,,실내,,,,
337,02-533-7508,,,,,,
338,02-2155-6772,,,,,,
339,02-2081-2645,https://www.gwanakgongdan.or.kr,실내,,,,
340,02-901-6226,,,,,,
341,02-3783-5922,,실외,,,,
342,02-2280-8469,https://www.e-junggu.or.kr/new/,실외,,,,
343,,https://www.e-junggu.or.kr/new/,실내,,,,
344,02-2128-2800,https://www.sisul.or.kr/open_content/jangchung/,실내,,,,
345,,stadium.seoul.go.kr,,,,,
346,02-901-6226,,,,,,
347,02-2029-4593,,실내,,,,
348,,,실내,,,,
349,,www.ijongno.co.kr,실내외,,,,
350,,,없음,,,,
351,02-2199-7563,,실내,,,,
352,02-3408-4918,http://jgsports.gwangjin.or.kr/,실내,,,,
353,02-2280-8433,,실내,,,,
354,02-2094-2949,,실외,,,,
355,02-433-2949,,실외,,,,
356,02-2094-0075,,,,,,
357,02-3422-4350,,실외,,,,
358,02-3423-1070,http://jungnangspo.seoul.kr,실내,,,,
359,02-2094-1862,,실내,,,,
360,02-2094-1862,,실내,,,,
361,070-4193-6108,,실내외,,,,
362,,,실내외,,,,
363,02-450-7589,,실외,,,,
364,02-490-0114,www.jjang.or.kr,실내,,,,
365,,,,,,,
366,,,,,,,
367,,,,,,,
368,02-351-8007,,,,,,
369,02-351-8007,,,,,,
370,02-852-1646,,,,,,
371,02-901-5223,,,,,,
372,02-2600-4183,,,,,,
373,02-403-2395,https://www.songpa.go.kr/culture/contents.do?key=5399&,실외,,,,
374,02-330-1129,,,,,,
375,02-2045-7690,,없음,,,,
376,,www.kncity.or.kr,실내,,,,
377,02-846-9424,,,,,,
378,,,실외,,,,
379,,,,,,,
380,02-901-5125,,실내,,,,
381,02-901-5126,https://www.dobongsiseol.or.kr/,실외,,,,
382,02-2280-8404,,실내,,,,
383,02-2670-3142,,,,,,
384,02-970-0045,,실내,,,,
385,02-970-0045,,실내,,,,
386,02-970-0045,,실내,,,,
387,,,,,,,
388,02-2148-1892,,,,,,
389,02-2148-1892,,,,,,
390,02-2148-1892,,,,,,
391,,,,,,,
392,02-2176-0871,http://www.kncity.or.kr,실외,,,,
393,,,,,,,
394,,,,,,,
395,,,,,,,
396,,,실외,,,,
397,,,없음,,,,
398,02-2199-7564,,실내,,,,
399,,hangang.seoul.go.kr,없음,,,,
400,02-745-6701,https://www.ijongno.co.kr/main,실외,,,,
401,02-2627-1428,,,,,,
402,02-2066-3002,https://www.gurosisul.or.kr/mod.asp?m=business&s=b10,실내,,,,
403,02-2045-7651,http://www.igangdong.or.kr,실내외,,,,
404,,,,,,,
405,02-330-1411,,실외,,,,
406,02-3420-5451,,,,,,
407,,,,,,,
408,02-2627-1428,,,,,,
409,02-2627-1664,,,,,,
410,,,,,,,
411,02-330-1411,,실외,,,,
412,,,,,,,
413,,,,,,,
414,,,,,,,
415,02-330-1129,,실외,,,,
416,,,,,,,
417,02-2148-1892,,,,,,
418,02-2148-1892,,,,,,
419,02-2199-7562,,실외,,,,
420,02-713-1410,,실외,,,,
421,,,,,,,
422,02-716-0600,hyochang.or.kr,실내,,,,
423,02-823-2273,www.idongjak.or.kr,실내,,,,
424,02-2627-1664,,,,,,
