id,facility_name,imagfe,addr,latit,longit,station,station_wt,bus,bus_wt
1,(취약시설)강북청소년센터,,서울특별시 강북구 4.19로 74(수유동),37.64598909,127.0064058,4.19민주묘지(2),750,강북청소년수련관,20
2,(취약시설)구로청소년센터수영장,,서울특별시 구로구 구로동로 141(구로동),37.4913197,126.883399,남구로(6),680,구로시장.남구로시장입구,59
3,(취약시설)성북청소년센터수영장,,서울특별시 성북구 한천로 660-9(장위동),37.61763856,127.0557322,돌곶이(4),978,우리랜드사우나,112
4,(취약시설)일자산제1체육관,,서울특별시 강동구 동남로 660 (둔촌동),37.53301918,127.1513579,중앙보훈병원(2),329,일자산입구,123
5,50+남부캠퍼스수영장,,서울특별시 구로구 오류로 36-25 (천왕동),37.4884251,126.841846,천왕(3),352,오류2동주민센터,232
6,[10]동양미래대학교 앞 농구장,,서울특별시 구로구 안양천로537길 72 (고척동),37.49993866,126.8705242,구일(1),810,동양미래대학.구로성심병원,364
7,[24]인라인스케이트장 우측,,서울특별시 구로구 서울특별시 구로구 개봉동 376-3,37.48347071,126.8540064,개봉(1),1456,한진APT후문,118
8,[25]인라인스케이트장 좌측(지압코스 내부),,"서울특별시 구로구 개봉로1길 118 (개봉동, 에코그로브)",37.48214799,126.8523092,,,개명초교,38
9,가양레포츠센터,,서울특별시 강서구 양천로61길 101 (가양동),37.55996148,126.8655601,증미(2),478,가양도시개발9단지.세현고등학교,225
10,가양레포츠센터 내 축구장,,서울특별시 강서구 양천로61길 101 (가양동),37.55955163,126.864933,,,,
11,가좌다목적구장,,서울 서대문구 홍은동 산 26-170,37.58258531,126.9298433,,,팔각정,53
12,가좌테니스장,,서울특별시 서대문구 홍은동 산26-170,37.58181641,126.9307814,,,서대문문화체육회관,88
13,갈월종합사회복지관수영장,,서울특별시 용산구 두텁바위로 25 (갈월동),37.54577435,126.9748244,숙대입구(2),211,남영동주민센터,59
14,감로천게이트볼장,,서울 금천구 독산동 373,37.46961506,126.9079139,,,,
15,감로천배드민턴장,,서울특별시 금천구 독산로54길 180 (독산동),37.46949251,126.9089487,,,,
16,강남구민체육관,,서울특별시 강남구 개포로28길 47 (개포동),37.47711586,127.0518861,매봉(1),,국악중고교,222
17,강남구민회관 체육교실,,서울특별시 강남구 삼성로 154 (대치동),37.49388799,127.0642724,,,,
18,강남세곡체육공원,,서울특별시 강남구 헌릉로 679 (세곡동),37.46678301,127.113143,,,세곡동,535
19,강남스포츠문화센터골프연습장,,강남구 수서동718,37.48897406,127.1053388,수서(3),362,강남스포츠문화센터,116
20,강남스포츠문화센터수영장,,서울특별시 강남구 밤고개로1길 52 (수서동),37.48897316,127.1053399,수서(3),362,강남스포츠문화센터,116
21,강남스포츠문화센터체육관,,서울특별시 강남구 밤고개로1길 52 (수서동),37.48900105,127.1052808,수서(3),362,강남스포츠문화센터,116
22,강동청소년회관수영장,,서울특별시 강동구 양재대로 1634 (명일동),37.55126175,127.1443451,,,,
23,강북웰빙스포츠센터,,서울특별시 강북구 오현로31길 51 (번동),37.63045708,127.0377699,,,강북보건소.번2동주민센터,71
24,강서개화축구장,,인천 계양구 하야동 27-1,37.57791654,126.7889298,,,,
25,강서구민올림픽체육센터,,서울특별시 강서구 화곡로65길 62 (등촌동),37.55968893,126.85057,,,,
26,강서구민올림픽체육센터수영장,,등촌동 707-3,37.55968758,126.8505711,가양(10),398,강서구민올림픽체육센터,18
27,강서다목적체육관,,서울특별시 강서구 등촌로13자길 20 (화곡동),37.53970488,126.855852,,,,
28,강일테니스장,,서울특별시 강동구 선사로 185-118 (암사동),37.56292189,127.1298499,암사(4),1857,암사IC,591
29,개운산스포츠센터,,서울특별시 성북구 북악산로 949-60 (종암동),37.59686703,127.0262388,안암(1),1720,성북구의회,293
30,개운산스포츠센터수영장,,서울특별시 성북구 북악산로 949-60 (종암동),37.59686412,127.0263296,,,,
31,개웅산생활체육관,,서울특별시 구로구 개봉로3길 108-20 (개봉동),37.485307,126.8497243,오류동(1),1839,개봉한진아파트.기점,210
32,거성체련장,,서울특별시 영등포구 선유로 191 (양평동3가),37.53067416,126.8924711,영등포구청(3),870,거성파스텔아파트,155
33,게이트볼장,,서울특별시 중구 서울특별시 중구 청구동 842-1,37.55562233,127.0138117,약수(3),374,약수역3번출구.약수하이츠,242
34,계남근린공원테니스장,,"서울특별시 양천구 신정로 260 (신정동, 신트리4단지아파트)",37.51149094,126.8502917,신정네거리(1),1069,정랑고개.양천벤처타운,12
35,고덕어울림수영장,,"서울특별시 강동구 고덕로 399 (고덕동, 고덕센트럴푸르지오)",37.55744052,127.1696789,상일동(5),158,상일동역4번출구.고덕전통시장,91
36,고척근린공원운동장,,고척2동산9-14,37.50593211,126.8520083,,,고척근린공원.고척도서관,322
37,공덕동 체육시설,,서울특별시 마포구 공덕동 3-53,37.55076957,126.9617272,애오개(4),800,만리동고개,196
38,공릉동다목적체육시설,,"서울특별시 노원구 화랑로51길 17 (공릉동, 화랑타운아파트)",37.62307724,127.0893655,화랑대(4),828,경춘선숲길.화랑대역공원,260
39,공릉동미니골프장,,서울특별시 노원구 화랑로 822 (공릉동),37.62072792,127.0863361,화랑대(4),272,화랑대사거리,361
40,공릉배수지 축구장,,서울특별시 노원구 중계로 36 (공릉동),37.6387805,127.083239,,,불암산종합스타디움,31
41,공항동문화체육센터수영장,,서울특별시 강서구 송정로 45 (공항동),37.55878245,126.8100731,송정(4),302,공항동주민센터,3
42,관악구민운동장,,서울특별시 관악구 낙성대로 40 (봉천동),37.47512341,126.9574562,낙성대(4),992,낙성대현대아파트,354
43,관악구민종합체육센터,,서울특별시 관악구 낙성대로3길 37 (봉천동),37.47306649,126.9603153,낙성대(4),610,낙성대공원.영어마을,165
44,관악청소년센터수영장,,서울특별시 관악구 신림로23길 17 (신림동),37.4702439,126.9352433,,,관악농협신림지점앞,154
45,광장동 실내 배드민턴장,,서울특별시 광진구 서울특별시 광진구 천호대로140길 40,37.54442627,127.100198,광나루(1),447,광남고.삼성아파트,332
46,광진구민체육센터,,서울특별시 광진구 구천면로 14 (광장동),37.54599901,127.1068221,광나루(2),286,광진청소년수련관,62
47,광진문화예술회관 골프연습장,,서울특별시 광진구 능동로 76 (자양동),37.53757126,127.0705762,건대입구(5),325,건대역,79
48,구로구민생활체육관,,서울특별시 구로구 새말로18길 31 (구로동),37.50523014,126.8928062,신도림(2),361,신도림역,164
49,구로구민체육센터,,서울특별시 구로구 고척로45길 39 (고척동),37.50658124,126.8532759,개봉(2),1584,구민체육관후문,91
50,구로실내게이트볼장,,서울특별시 구로구 새말로18길 17 (구로동),37.50577805,126.8929049,신도림(2),332,신도림역,135
51,구립테니스장,,방화동 36-14 일대,37.58378125,126.8156478,방화(4),1673,생태공원,572
52,구민올림픽체육센터골프연습장,,서울특별시 강서구 화곡로65길 62 (등촌동),37.55966958,126.8505847,가양(10),398,강서구민올림픽체육센터,18
53,구일역 게이트볼장,,서울특별시 구로구 서울특별시 구로구 구로동  642-71,37.4930981,126.8703344,구일(1),563,1호선구일역,723
54,구일역하부 인라인스케이트장,,서울특별시 구로구 구일로 90-133 (구로동),37.49309684,126.8703336,구일(1),563,1호선구일역,723
55,국사봉체육관,,서울특별시 관악구 국회단지길 144 (봉천동),37.49187891,126.9414304,봉천(4),1356,국사봉,9
56,궁동종합사회복지관수영장,,서울특별시 구로구 오리로22길 5 (궁동),37.49913351,126.8295624,,,,
57,궁동체육관,,서울특별시 서대문구 연희로11마길 86-47 (연희동),37.57130206,126.9252807,,,서대문지역자활센터,152
58,궁산다목적체육관,,서울특별시 강서구 양천로49길 106 (마곡동),37.57266746,126.8383649,,,,
59,금나래문화체육센터,,서울특별시 금천구 시흥대로79길 32 (독산동),37.45893811,126.8961135,금천구청(1),477,롯데캐슬1차동문,97
60,금천구민문화체육센터,,서울특별시 금천구 독산로54길 188 (독산동),37.47006899,126.9073405,,,구민문화체육센터,11
61,금천구민문화체육센터수영장,,금천구 독산4동371-2,37.47013912,126.9072627,,,구민문화체육센터,11
62,김일기념체육관,,서울특별시 종로구 종로1.2.3.4가동,37.581305,126.994385,,,,
63,까치산체육센터,,서울특별시 관악구 행운10길 23 (봉천동),37.48197062,126.9624721,낙성대(5),718,낙성대입구,487
64,꿩고개근린공원 게이트볼장,,서울 강서구 방화동 산 110,37.58011653,126.8159761,,,,
65,낙산배드민턴장,,서울특별시 종로구 이화동,37.579935,127.008593,,,,
66,난지 한강공원 물놀이장,,서울 마포구 상암동 482-182,37.56406002,126.8793995,,,,
67,남서울게이트볼장,,서울 금천구 시흥동 1026-2,37.44826433,126.9021036,,,,
68,남영동 실외체육시설,,서울 용산구 한강로1가 1-5,37.5398215,126.9714978,,,,
69,내곡동체육시설,,서울특별시 서초구 내곡동,37.458632,127.08208,,,,
70,내곡동체육시설,,서울특별시 서초구 신흥말길 23-5 (내곡동),37.4584842,127.0822385,,,신흥마을입구,88
71,내촌어린이공원 농구장,,서울 강서구 개화동 551-26,37.5775714,126.8014079,,,,
72,노고산동 체육시설,,서울특별시 마포구 노고산7길 49(노고산동25-1),37.55282045,126.9093151,망원(2),470,성산초등학교,124
73,노들나루공원 씨름훈련장,,서울특별시 동작구 노량진로 247 (본동),37.51323822,126.9537789,노들(2),76,노들역4번출구앞,242
74,노량진근린공원 테니스장,,대방동 23-189,37.50843874,126.9272661,대방(3),703,대방동주민센터,70
75,노량진근린공원(고구동산) 배드민턴장,,서울특별시 동작구 매봉로6길 16 (본동),37.50746858,126.9547958,노들(4),1022,중앙대후문,493
76,노량진근린공원(대방) 농구장,,서울특별시 동작구 여의대방로44길 39 (대방동),37.51085484,126.9295893,대방(3),528,대방동주공아파트,261
77,노원구민체육센터,,서울특별시 노원구 노원로22길 1 (중계동),37.64815891,127.0706988,중계(2),730,노원구민체육센터,19
78,노원구민체육센터수영장,,중계동360-18,37.64866322,127.0710936,,,,
79,노원청소년수련관수영장,,서울특별시 노원구 덕릉로70길 99 (상계동),37.64147683,127.0582155,중계(5),757,상계직업학교,78
80,농구장(A구장),,서울특별시 구로구 경인로53길 15 (구로동),37.50090414,126.8745859,구로(3),862,구일역.중앙유통상가.롯데마트,227
81,농구장(도림천),,"서울특별시 구로구 경인로67길 23 (신도림동, 신도림2차푸르지오)",37.51049451,126.8894529,신도림(1),168,신도림역,8
82,농구장(오류고가하부),,서울특별시 구로구 경인로 101 (오류동),37.49224739,126.832521,온수(2),822,서울가든빌라앞,185
83,누상동 다목적소운동장,,서울특별시 종로구 옥인6길 58 (누상동),37.57975362,126.9643207,경복궁(2),948,박노수미술관,300
84,다락원체육공원 게이트볼장,,서울특별시 도봉구 창포원로 45 (도봉동),37.69170616,127.0468078,도봉산(2),761,도봉파크빌3단지,656
85,당산 배드민턴장,,서울특별시 영등포구 국회대로38길 8 (당산동3가),37.5356943,126.9047898,당산(4),196,당산역,390
86,당산1동주민센터 체력단련장,,서울특별시 영등포구 양산로23길 11 (당산동3가),37.52498059,126.8973664,영등포구청(5),122,영등포구청.우리은행,149
87,당산2동주민센터 체력단련장,,서울특별시 영등포구 당산로41가길 7 (당산동4가),37.53101007,126.8973491,당산(11),535,현대2.3차아파트,209
88,대림3동주민센터 체력단련장,,서울특별시 영등포구 대림로 197 (대림동),37.49831505,126.8980362,대림(11),646,대림3동주민센터,26
89,대림3유수지 체육시설,,서울특별시 영등포구 도신로 1 (대림동),37.50412552,126.8948209,대림(5),1238,현대2차아파트후문,168
90,도림2동 배드민턴장,,서울특별시 영등포구 도영로 16 (도림동),37.50787834,126.8959919,문래(7),1484,코오롱아파트,243
91,도봉동 체육공원,,서울특별시 도봉구 도봉로 885 (도봉동),37.68355823,127.0455171,도봉(1),460,도봉한신아파트,112
92,도봉동실내스포츠센터(별관),,서울특별시 도봉구 도봉로180나길 41 (도봉동),37.68434572,127.0498959,도봉산(2),691,한신아파트후문,57
93,도봉동실내스포츠센터(본관),,서울특별시 도봉구 마들로 805(도봉동),37.68141504,127.0502502,도봉(1),565,극동유원아파트후문,91
94,도화동 체육시설,,서울특별시 마포구 도화2동 353-7,37.53683655,126.9519631,마포(4),975,원효초등학교,108
95,독산근린공원배드민턴장,,서울특별시 금천구 범안로 1096 (독산동),37.46327361,126.8849344,,,,
96,독산동다목적광장,,서울특별시 금천구 독산3동,37.476451,126.901869,,,독산3동주민센터,254
97,독산배드민턴체육관,,서울특별시 금천구 독산로54길 102-82 (독산동),37.46736547,126.9099691,,,,
98,독산어르신체육센터,,서울특별시 금천구 독산로54길 279 (독산동),37.47446845,126.9057575,,,,
99,독산테니스장,,서울특별시 금천구 독산로54길 288 (독산동),37.47443633,126.9069462,,,,
100,동대문구민체육센타,,서울특별시 동대문구 장안벚꽃로 67 (장안동),37.56653117,127.073474,장한평(4),1061,구민회관앞,14
101,동대문구민체육센터수영장,,장안동 356,36.21124745,127.3372539,,,,
102,동대문구체육관,,서울특별시 동대문구 답십리로 210-3 (답십리동),37.57228866,127.0639528,장한평(2),1551,동답한신.대림아파트동대문체육관,53
103,동대문청소년센터,,서울특별시 동대문구 제기로33길 25(청량리동),37.58724134,127.0498265,청량리(3),798,동대문노인종합복지관,132
104,동작구민체육센터,,서울특별시 동작구 여의대방로16길 53 (신대방동),37.49472211,126.9167719,,,동작구민체육센터.기상청,26
105,동작삼일수영장,,서울특별시 동작구 사당로27길 지하103 (사당동),37.48733571,126.9744112,,,,
106,동작주차공원 테니스장,,동작동 326,37.50316478,126.9780099,동작(5),115,국립현충원진입,93
107,뚝섬 한강공원 수영장,,서울 광진구 자양동 112,37.5297972,127.0678871,,,,
108,뚝섬서울숲테니스장,,성수1가 1동685-20,37.54504556,127.0408363,서울숲(4),476,언더스탠드애비뉴,290
109,마곡레포츠센터,,서울특별시 강서구 양천로 251 (마곡동),37.57314171,126.8321469,마곡나루(2),966,마곡실내배드민턴장,12
110,마곡레포츠센터수영장,,서울특별시 강서구 양천로 251 (마곡동),37.5731555,126.8321488,,,,
111,마들근린공원 테니스장,,서울특별시 노원구 덕릉로 450 (상계동),37.64456148,127.0588524,,,,
112,마들근린공원축구장,,상계동770-2,37.64416172,127.0582991,,,,
113,마들스타디움 축구장,,서울특별시 노원구 덕릉로 460 (상계동),37.64438435,127.0599219,중계(5),374,마들근린공원.노원에코센터,17
114,마장테니스장,,마장동 832,37.56414375,127.0389407,왕십리(13),358,민자역사후문,181
115,마천청소년수련관체육관,,서울특별시 송파구 성내천로 319 (마천동),37.49233334,127.1566463,,,,
116,마포구민체육센터,,서울특별시 마포구 월드컵로25길 190 (망원동),37.55676534,126.8969648,,,,
117,만리배수지 게이트볼장,,서울특별시 마포구 아현동 87-7일대,37.55476634,126.9615486,애오개(3),953,신일약국,302
118,만수천배드민턴장,,서울특별시 금천구 독산로54길 256 (독산동),37.47482581,126.9088816,,,,
119,말죽거리공원배드민턴장(1),,서울특별시 서초구 서초2동,37.482704,127.034089,양재(9),149,양재역,106
120,망원1동 체육시설,,서울특별시 마포구 망원1동 460-5,37.55324927,126.9003108,마포구청(5),1311,화평교회,199
121,망원2동체육시설,,서울특별시 마포구 망원2동,37.559041,126.896129,마포구청(6),849,성산대교,193
122,망원나들목체육관,,서울특별시 마포구 동교로1길 45 (망원동),37.5527537,126.9008188,,,,
123,망원동테니스장,,서울특별시 마포구 동교로1길 53 (망원동),37.55407036,126.899044,,,,
124,망원유수지 옆 체육시설,,서울특별시 마포구 망원동 294-5,37.55621547,126.8962597,마포구청(6),1081,성산대교,164
125,망원유수지 위 체육시설,,서울특별시 마포구 망원2동 452-1,37.55646526,126.8975315,마포구청(5),1050,망원유수지.마포구민체육센터,88
126,망원유수지 체육시설,,서울특별시 마포구 망원동 450-3,37.55778406,126.8972354,마포구청(5),945,망원유수지.마포구민체육센터,365
127,매봉산 배드민턴장,,서울특별시 중구 서울특별시 중구 신당동 산40번지 일대,37.545366,127.0063233,버티고개(3),963,버티고개,752
128,매봉산실내배드민턴장,,서울특별시 강남구 남부순환로 2711 (도곡동),37.48613775,127.0424159,,,,
129,면목2동체육관,,서울특별시 중랑구 겸재로23길 27 (면목동),37.58794477,127.0808681,면목(3),633,면목2동,136
130,면목구립테니스장,,서울 중랑구 면목동 727-94,37.57449971,127.0788381,,,,
131,목감천 배드민턴장,,"서울특별시 구로구 개봉로20길 158 (개봉동, 현대홈타운2단지)",37.49161678,126.8616242,개봉(1),583,현대IPARK정문,134
132,목감천 인라인스케이트장,,서울 구로구 개봉동 376-5,37.48268779,126.8533205,개봉(1),1555,개명초교,55
133,목동실내빙상장,,서울특별시 양천구 안양천로 939 (목동),37.53070628,126.8808679,오목교(4),944,목동파라곤,461
134,목동청소년센터,,서울특별시 양천구 목동서로 143(목동),37.53071939,126.8754986,오목교(1),,목동4단지상가.목동종합운동장,173
135,목동테니스장,,목동915번지,37.72929871,126.7336492,,,,
136,무악농구장,,서울특별시 종로구 통일로18길 34 (무악동),37.575975,126.9592238,,,독립문역.한성과학고,419
137,무악배드민턴장,,서울특별시 종로구 통일로18가길 46 (무악동),37.5778668,126.9583941,,,무악현대아파트후문,1020
138,묵동다목적체육관,,서울특별시 중랑구 숙선옹주로 66 (묵동),37.61445677,127.0842176,봉화산(서울의료원)(4),865,세방아파트입구,82
139,문래청소년센터,,서울특별시 영등포구 문래로 110 (문래동3가),37.51885225,126.8941147,,,,
140,미성체육관,,서울특별시 관악구 난우16길 37 (신림동),37.47786172,126.9193609,신대방(1),1353,난곡터널,111
141,미양 배드민턴장 내 간이운동시설(삼양동),,"서울특별시 강북구 솔샘로 159 (미아동, 벽산라이브파크)",37.6218132,127.0103646,솔샘(1),908,SK아파트벽산아파트상가,606
142,박미족구장,,서울 금천구 시흥동 672-13,37.43910841,126.9004908,,,,
143,박미풋살장,,서울 금천구 시흥동 673-3,37.43781222,126.9007175,,,,
144,반포운동장체육센터,,서울특별시 서초구 반포2동,37.500341,126.995906,,,,
145,반포천운동시설,,서울특별시 서초구 반포2동,37.499377,126.992943,신반포(4),755,반포종합운동장,408
146,방배배수지축구장,,서울 서초구 방배동 599,37.47272693,126.9924619,방배(2),1757,성지마을입구,139
147,방배본동주민센터,,서울특별시 서초구 방배본동,37.494016,126.988737,내방(5),789,가야메디컬센터,165
148,방배열린문화센터,,서울특별시 서초구 방배로 173 (방배동),37.48901716,126.9922748,내방(6),120,방배열린문화센터.가야치과병원,31
149,백련 탁구회 내 간이운동시설(백련사길),,서울특별시 강북구 4.19로20길 19 (수유동),37.64486982,127.0036599,,,신성빌라,216
150,백암 배드민턴장 내 간이운동시설,,서울특별시 강북구 삼각산로 13 (수유동),37.62767218,127.0057718,솔샘(1),1747,빨래골,368
151,백운 배드민턴장 내 간이운동시설,,서울특별시 강북구 4.19로20길 19 (수유동),37.64498244,127.0038298,,,인수중학교,
152,사당문화회관수영장,,사당동 248-6,37.4847139,126.9696122,남성(2),127,사당문화복지관,71
153,사당종합체육관,,서울특별시 동작구 사당로27길 232 (사당동),37.49280633,126.9697426,동작(8),,사당종합체육관,17
154,사직체육회,,서울특별시 종로구 사직로9길 15-32 (사직동),37.57791908,126.9639457,경복궁(1),968,단군성전앞,356
155,사천교 우안 상류 간이운동장,,서울특별시 서대문구 서울특별시 서대문구 모래내로 143,37.56950557,126.9173091,,,창덕에버빌,49
156,산정배드민턴장,,서울특별시 금천구 시흥5동,37.44659,126.911491,,,금빛공원,
157,살곶이야구장,,서울특별시 성동구 사근동 104 살곶이 체육공원내,37.5538724,127.0486183,한양대(3),613,한양대동문앞,437
158,살곶이축구장,,서울특별시 성동구 중랑천서자전거길 209 (사근동),37.55408975,127.0500558,,,,
159,삼각산 체육회 내 간이운동시설(백련사길),,서울특별시 강북구 삼각산로 13 (수유동),37.64705025,126.9985383,,,백련사,
160,삼각산문화예술회관(구.강북구민회관),,서울특별시 강북구 삼각산로 85 (수유동),37.64098943,127.0138774,가오리(2),241,강북구의회.강북문화예술회관,14
161,삼성 배드민턴장 내 간이운동시설(빨래골),,서울특별시 강북구 인수봉로23길 235 (수유동),37.62867015,127.0016993,,,빨래골,901
162,삼양 배드민턴장 내 간이운동시설(삼양동),,서울특별시 강북구 인수봉로17길 26 (미아동),37.62497112,127.01077,솔샘(2),943,향천사입구,224
163,삼일공원 청소년농구장,,서울특별시 동작구 사당로23길 57-7 (사당동),37.48591018,126.9746245,총신대입구(이수)(10),993,삼일공원,277
164,삼정배드민턴장,,서울특별시 금천구 시흥2동,37.454548,126.914002,,,벽산3단지앞,333
165,삼청동저류조체육시설,,서울특별시 종로구 북촌로 134-3 (삼청동),37.5879786,126.9840854,,,,
166,삼청테니스장,,서울특별시 종로구 삼청로 156 (삼청동),37.58887581,126.9828081,안국(1),1422,삼청공원,72
167,삼화 배드민턴장 내 간이운동시설(빨래골),,서울특별시 강북구 삼각산로 13 (수유동),37.62836815,127.0066441,솔샘(2),1552,빨래골,300
168,상계구민체육센터,,서울특별시 노원구 덕릉로 748 (상계동),37.66424626,127.0768275,,,,
169,상도스포츠클럽,,서울특별시 동작구 성대로2길 11 (상도동),37.49912482,126.9314052,신대방삼거리(1),213,상도3동주민센터,16
170,샘터 족구장,,서울특별시 강동구 동남로 990 (고덕동),37.56214512,127.157551,,,,
171,샘터족구장,,서울특별시 강동구 고덕2동,37.561778,127.157324,고덕(3),939,광문고.서울컨벤션고,233
172,서대문구립인조잔디구장,,서울특별시 서대문구 백련사길 39 (홍은동),37.5807591,126.9315568,,,서대문문화체육회관,25
173,서대문돌산인조잔디구장,,서울 서대문구 홍은동 10-305,37.60311855,126.9463352,홍제(1),2145,포방공영주차장,557
174,서대문청소년센터,,서울특별시 서대문구 연희로32길 129 (연희동),37.57897436,126.9383447,,,,
175,서대문청소년수련관수영장,,서울특별시 서대문구 연희로32길 129 (연희동),37.57897527,126.9383464,,,,
176,서대문체육회관수영장,,홍은3동 산26-155,37.58082034,126.9315205,,,서대문문화체육회관,25
177,서울곰두리체육센터수영장,,서울특별시 송파구 동남로 271 (오금동),37.50048959,127.135453,개롱(1),348,송파도서관,63
178,서울숲복합문화센터(서울숲복합문화체육센터),,서울특별시 성동구 왕십리로11길 9 (성수동1가),37.54857492,127.0432301,뚝섬(1),366,성동교남단,309
179,서울여성프라자수영장,,대방동 345-1,35.21410836,128.7095907,,,,
180,서울월드컵경기장,,서울특별시 마포구 월드컵로 240 (성산동),37.56828845,126.897273,,,,
181,서울월드컵경기장보조경기장,,서울시성산동515,37.56879209,126.8948025,월드컵경기장(2),488,월드컵경기장서측.문화비축기지,65
182,서울특별시 산악문화체험센터,,서울특별시 마포구 하늘공원로 112 (상암동),37.56937581,126.8799416,,,노을공원입구(난지미술창작스튜디오),122
183,서일문화체육센터,,서울특별시 서초구 서초4동,37.49853,127.023219,교대(4),923,진흥아파트,102
184,서초1동주민센터,,서울특별시 서초구 서초1동,37.490059,127.019562,교대(1),589,서초1동사무소,43
185,서초2동주민센터,,서울특별시 서초구 서초2동,37.492004,127.024979,,,서초2동주민센터,93
186,서초3동주민센터,,서울특별시 서초구 서초3동,37.483564,127.012505,남부터미널(5),366,서초3동주민센터,84
187,서초4동주민센터,,서울특별시 서초구 서초4동,37.502628,127.022246,사평(2),733,서초푸르지오써밋,143
188,서초구민체육센터,,서울특별시 서초구 사평대로 55 (반포동),37.49883446,126.9912425,구반포(3),882,서초구민체육센터.심산문화센터,110
189,서초구민체육센터,,서울특별시 서초구 반포2동,37.498845,126.990433,,,,
190,서초구민체육센터 골프연습장,,서울특별시 서초구 사평대로 55 (반포동),37.49885315,126.9905157,,,,
191,서초종합체육관,,서울특별시 서초구 양재대로12길 73-48 (원지동),37.45902084,127.0416847,양재시민의숲(5),1908,서초종합체육관,275
192,석우마을 체육시설,,서울특별시 종로구 혜화동,37.583179,126.997124,,,,
193,선릉 스포플렉스(421),,서울특별시 강남구 테헤란로 416 (대치동),37.50499707,127.0519071,,,,
194,선우체육관,,서울특별시 관악구 문성로16다길 133-70 (신림동),37.46743278,126.9126116,,,뉴서울아파트,588
195,성내유수지 게이트볼장,,서울 송파구 방이동 88-13,37.52640008,127.1197077,,,,
196,성동구립용답체육센터 수영장,,서울특별시 성동구 천호대로78길 15-48(용답동),37.56183119,127.0570568,답십리(5),608,서울교통공사.서울새활용플라자,11
197,성미산체육관,,서울특별시 마포구 월드컵북로15길 31-11 (성산동),37.56236949,126.9120631,,,,
198,성북 펜싱 체육관,,서울특별시 성북구 종암로24가길 109 (종암동),37.60158335,127.0381601,월곡(1),394,종암SK아파트,97
199,성북구민체육관,,서울특별시 성북구 화랑로13길 144 (하월곡동),37.6086202,127.0422837,,,,
200,성북종합레포츠타운골프연습장,,서울특별시 성북구 한천로58길 307 (석관동),37.61021724,127.0700512,,,석계역,676
201,성북종합레포츠타운수영장,,서울특별시 성북구 한천로58길 307 (석관동),37.61010887,127.0700149,,,석계역,676
202,성산동 게이트볼장,,서울특별시 마포구 성산동 341-2,37.56319983,126.9002477,마포구청(7),421,마포구청역,383
203,손기정체육공원인조잔디축구장,,중구 손기정로 101,37.55686883,126.9660066,서울역(15),619,경기여상입구,345
204,송림 배드민턴장 내 간이운동시설(빨래골),,서울특별시 강북구 삼각산로 13 (수유동),37.62864299,127.0058341,솔샘(1),,SK아파트벽산아파트상가,
205,송파1동 체육시설,,"서울특별시 송파구 가락로21길 5 (송파동, 노을주택)",37.50287465,127.1113749,석촌(4),413,잠실여고후문,70
206,송파구배드민턴체육관,,서울특별시 송파구 문정로 176(거여동),37.49371031,127.1382697,거여(8),595,송파배드민턴체육관,16
207,송파구여성축구장,,방이동88-10,37.52528923,127.1228703,강동구청(3),1112,풍납중학교,722
208,송파아루름체육센터,,서울 송파구 거여동 11-2,37.49804057,127.1411447,,,,
209,송파청소년수련관체육관,,서울특별시 송파구 중대로4길 4 (문정동),37.48970358,127.1112621,,,,
210,송파테니스장,,송파1동 106,37.50421256,127.1124219,석촌(3),473,송파2동한양아파트,160
211,수명산다목적체육관,,서울특별시 강서구 강서로45길 131-11 (내발산동),37.55096643,126.8298929,,,,
212,신길4동체력단련장,,서울특별시 영등포구 신길로42길 1 (신길동),37.50845067,126.9113577,,,,
213,신길7동자치회관 체력단련실,,서울특별시 영등포구 여의대방로43길 10 (신길동),37.50639203,126.9215141,보라매(6),722,병무청,31
214,신길유수지 체육시설,,서울특별시 영등포구 영등포로 343-10 (신길동),37.51622854,126.9185488,신길(1),305,대윤병원,248
215,신길종합복지관 수영장,,서울특별시 영등포구 영등포로84길 24-5 (신길동),37.51117046,126.9214408,신길(1),920,성애병원,92
216,신남동 테니스장,,서울특별시 종로구 혜화동,37.583666,126.996298,,,,
217,신내공원 다목적체육관,,서울특별시 중랑구 신내로21길 115-14 (신내동),37.6112526,127.0894646,봉화산(서울의료원)(4),505,신내6단지아파트.옹기테마공원,366
218,신내차량기지 야구장,,서울특별시 중랑구 용마산로136길 33(신내동),37.61009453,127.110258,신내(4),591,중랑IC,453
219,신도림생활체육관,,서울특별시 구로구 경인로67길 149 (신도림동),37.51376259,126.8832339,도림천(2),120,신도림생활체육관.우성3차아파트,130
220,신동문화체육센터,,서울특별시 서초구 잠원동,37.516915,127.012918,잠원(4),484,신동중학교,20
221,신림체육센터,,서울특별시 관악구 난곡로58길 13 (신림동),37.4800712,126.9160329,신대방(1),918,신림청소년독서실.신림체육센터,137
222,신반포2차앞 체련시설,,서울특별시 서초구 반포3동,37.511397,127.002816,고속터미널(8-2),649,한신2차후문,284
223,신반포3차앞 체련시설,,서울특별시 서초구 반포2동,37.508243,126.99586,신반포(2),580,반포대교,164
224,신양 동네체육시설,,서울특별시 종로구 혜화동,37.58344,126.996626,,,,
225,신영동저류조상부 족구장,,서울특별시 종로구 세검정로6라길 6 (신영동),37.60194244,126.96171,,,세검정초등학교,109
226,신원동체육시설,,서울특별시 서초구 내곡동,37.456532,127.050725,청계산입구(1),1135,새원마을,358
227,신월문화체육센터수영장,,신월동987번지,37.15955716,128.1799244,,,,
228,신월야구공원,,서울특별시 양천구 남부순환로64길 26 (신월동),37.52648878,126.8326542,,,서서울호수공원,333
229,신정교 농구장,,서울특별시 영등포구 경인로96길 6 (문래동1가),37.51479027,126.9038141,영등포(5),376,남부지방법원등기국.구로세무서(에이스하이테크시티),225
230,신정교 풋살장,,서울특별시 영등포구 영등포로2길 62 (문래동5가),37.51841189,126.880568,양평(2),1383,문래중학교,672
231,쌈지어린이공원 농구장,,서울 강서구 방화동 266-24,37.57118129,126.8149968,,,,
232,쌍용아파트 앞_북단,,서울특별시 강남구 서울특별시 강남구 대치동 5-1,37.49830412,127.0729185,학여울(1),411,학여울역,184
233,쌍한교~수유교 간 마을 체육시설,,"서울특별시 강북구 도봉로101길 65 (수유동, 부성주택)",37.64449005,127.027552,수유(강북구청)(8),930,쌍문교,420
234,아차산배수지인조잔디축구장,,서울특별시 광진구 천호대로 731 (구의동),37.54896317,127.0965013,아차산(2),1047,새밭교회,784
235,아차산배수지체육공원 인조잔디축구장,,서울특별시 광진구 구의2동,37.548848,127.096721,,,,
236,아차산배수지체육공원(다목적구장-족구),,서울특별시 광진구 구의2동,37.549263,127.096031,,,,
237,아차산배수지체육공원테니스장,,서울특별시 광진구 천호대로 731 (구의동),37.54896182,127.096503,아차산(2),1047,새밭교회,785
238,아카데미 배드민턴장 내 간이운동시설(아카데미하우스),,서울특별시 강북구 삼양로77가길 79-9 (수유동),37.64002258,127.001031,,,아카데미하우스.통일교육원,289
239,아카시아배드민턴상부,,서울특별시 금천구 독산4동,37.469582,126.90874,,,독산3치안센터,
240,아현초등학교앞체육시설,,서울특별시 마포구 아현동 354-23(아현초 정문앞),37.55476462,126.9565871,애오개(2),163,아현초등학교,120
241,안양천 C구장,,서울특별시 구로구 신도림로19길 144 (신도림동),37.51479855,126.8790998,도림천(2),461,하나마트(가상),681
242,안양천 소규모 축구장,,서울 금천구 가산동 562-2,37.46909347,126.8821524,,,,
243,안양천 족구장 D,,서울특별시 구로구 경인로53나길 37 (구로동),37.50453877,126.8726234,구일(1),997,월드아파트,711
244,안양천 파크골프장,,서울 금천구 가산동 557-3,37.4723571,126.8797308,,,,
245,안양천 파크골프장(우안),,서울특별시 구로구 경인로67나길 52 (신도림동),37.51366142,126.8805409,도림천(2),305,신도림자동차학원(가상),201
246,안양천 파크골프장(좌안),,서울특별시 구로구 안양천로539길 11 (고척동),37.50383074,126.8699645,구일(2),1210,동양미래대학.구로성심병원,708
247,안양천농구장1,,서울 금천구 시흥동 673-5,37.43874698,126.901211,,,,
248,안양천농구장2,,서울 금천구 시흥동 1000-66,37.45298543,126.8961509,,,,
249,안양천농구장4,,서울 금천구 독산동 719-5,37.45911194,126.8901592,,,,
250,안양천농구장5,,서울 금천구 가산동 535-99,37.48514191,126.8722164,,,,
251,양재근린공원축구장,,서울특별시 서초구 양재2동,37.471907,127.041681,,,,
252,양재근린공원축구장,,서울특별시 서초구 언남길 8 (양재동),37.47126248,127.0420579,,,,
253,양재시민의 숲,,서울특별시 서초구 양재2동,37.473049,127.036976,양재시민의숲(1),487,시민의숲,219
254,양재천수영장,,서울특별시 서초구 양재2동,37.47327,127.035305,양재시민의숲(1),567,시민의숲,299
255,양재초교앞 농구장,,서울특별시 서초구 양재1동,37.474074,127.033345,양재시민의숲(1),1009,우성아파트,106
256,양천구민체육센터수영장,,신정동322-10,37.51639523,126.864584,양천구청(1),609,양천구민체육센터.양천일자리센터,198
257,양평1동복지회관 체력단련장,,서울특별시 영등포구 선유서로34길 10 (양평동3가),37.52687085,126.8874355,양평(1),189,양평역,201
258,양평2동 배드민턴장,,"서울특별시 영등포구 양평로28사길 1 (양평동6가, 아트리버빌)",37.5426353,126.8918746,선유도(2),668,기아자동차서비스센터,156
259,양평2동주민센터 체력단련장,,서울특별시 영등포구 양평로22길 21 (양평동5가),37.53980867,126.8946576,선유도(2),167,당산초등학교앞,85
260,양평교 게이트볼장,,서울특별시 영등포구 노들로 11 (양화동),37.55091504,126.8820126,,,성산대교,616
261,양평누리체육공원 테니스장,,서울 영등포구 양화동 4-1,37.54502313,126.8857603,선유도(1),1147,성산대교남단,418
262,양평유수지 체육공원,,서울특별시 영등포구 국회대로22길 20(양평동3가),37.52892593,126.890197,양평(1),597,코스트코,458
263,양화 한강공원 물놀이장,,서울특별시 영등포구 한강남자전거길 1077 (양화동),37.54428428,126.8926416,,,,
264,어린이대공원테니스장,,서울특별시 광진구 능동로 216 (능동),37.55201089,127.0787741,어린이대공원(1),462,어린이대공원앞,175
265,어린이야구연습장,,서울특별시 구로구 경인로53길 15 (구로동),37.49954301,126.8728315,구일(1),688,구일역.중앙유통상가.롯데마트,226
266,언남문화체육센터,,서울특별시 서초구 동산로13길 35 (양재동),37.4729103,127.0431575,양재시민의숲(2),493,언남고,78
267,언남문화체육센터,,서울특별시 서초구 양재2동,37.472402,127.044243,,,,
268,여의동주민센터 체력단련실,,서울특별시 영등포구 국제금융로 124 (여의도동),37.51769391,126.934614,,,,
269,여의동주민센터 체력단련장,,서울특별시 영등포구 국제금융로 124 (여의도동),37.51769454,126.9346142,샛강(3),620,성모병원앞교차로,95
270,연남동 체육시설,,서울특별시 마포구 연남동 243,37.56625055,126.9216863,가좌(4),658,연남동주민센터,264
271,열린금호교육문화관체육관,,"서울특별시 성동구 금호산12길 3(금호동2가, 성덕빌라)",37.55254596,127.0200964,신금호(3),203,금호정형외과,226
272,염리생활체육관,,서울특별시 마포구 큰우물로 61 (염리동),37.54199309,126.9452043,,,,
273,염창다목적체육관,,서울특별시 강서구 양천로63길 42-21 (염창동),37.55794719,126.8671257,,,,
274,영등포 다목적 배드민턴 체육관,,서울특별시 영등포구 도신로15길 5(도림동),37.50597131,126.8982002,대림(5),1641,성원아파트입구,245
275,영등포동자치회관 체력단련장,,서울특별시 영등포구 국회대로44길 4 (영등포동7가),37.52538952,126.9036376,영등포시장(1),354,하이서울유스호스텔,40
276,영등포본동자치회관 체력단련장,,서울특별시 영등포구 영등포로64길 21 (신길동),37.5130807,126.9163579,신길(1),510,대신시장,173
277,영등포본동자치회관 체력단련장,,서울특별시 영등포구 영등포로64길 21 (신길동),37.51308025,126.9163568,,,,
278,영등포본동주민센터 체력단련장,,서울특별시 영등포구 신길로61길 17 (영등포동),37.51466633,126.9093394,,,,
279,영등포본동주민센터 체력단련장,,서울특별시 영등포구 신길로61길 17 (영등포동),37.51466489,126.9093387,영등포(1),262,영등포역후문,200
280,영등포스포츠클라이밍경기장,,서울특별시 영등포구 도신로15길 11 (도림동),37.50608153,126.8978153,대림(5),1637,성원아파트입구,263
281,영등포제1스포츠센터,,서울특별시 영등포구 신풍로 1 (신길동),37.50054198,126.9063068,신풍(4),191,신길5동주민센터,89
282,영등포제2스포츠센터,,서울특별시 영등포구 국회대로 615 (당산동4가),37.52669343,126.9027309,영등포시장(1),628,한강아파트,132
283,영롱이억새1구장,,서울특별시 영등포구 경인로88길 9-5 (문래동1가),37.5132089,126.9004229,영등포(3),750,남부지방법원등기국.구로세무서(에이스하이테크시티),223
284,영비천 내 간이운동시설(아카데미하우스),,서울특별시 강북구 삼각산로 13 (수유동),37.63975228,127.0011783,,,아카데미하우스.통일교육원,303
285,영원 배드민턴장 내 간이운동시설(아카데미 하우스 인근),,서울특별시 강북구 4.19로28길 29 (수유동),37.64418958,127.0038213,,,신성빌라,68
286,오금공원인라인경기장,,서울특별시 송파구 오금로 363 (오금동),37.50519118,127.1316529,,,,
287,오금교하부 인라인스케이트장,,서울특별시 구로구 구로중앙로42길 51 (신도림동),37.50894824,126.8763109,도림천(2),855,세븐일레븐(가상),229
288,오금풋살구장,,서울특별시 송파구 오금동163,37.49846887,127.1385093,개롱(1),492,송파사회복지관,225
289,오동골프연습장,,서울특별시 강북구 오현로 117 (번동),37.62263697,127.0363432,미아사거리(1),1201,북서울꿈의숲,11
290,오동근린공원 테니스장,,서울특별시 강북구 월계로 191-40 (번동),37.62267429,127.0434671,,,,
291,오동근린공원실내배드민턴장,,서울특별시 강북구 덕릉로42길 49 (번동),37.63300312,127.0322063,수유(강북구청)(1),913,금강산병원.전자공단,237
292,오륜테니스장,,방이동 439-8,37.51300122,127.1407531,둔촌오륜(2),1060,효죽동입구,97
293,오목교 족구장,,서울특별시 영등포구 경인로96길 6-2 (문래동1가),37.51474345,126.9038595,영등포(5),379,남부지방법원등기국.구로세무서(에이스하이테크시티),238
294,온조대왕문화체육관,,서울특별시 강동구 고덕로 285 (고덕동),37.55672549,127.1574539,고덕(3),397,고덕평생학습관.온조대왕체육관,122
295,올림픽공원 실내테니스장,,서울특별시 송파구 올림픽로 424 (방이동),37.51369666,127.1282105,올림픽공원(3),496,올림픽공원테니스장,151
296,올림픽공원 자전거경기장,,서울특별시 송파구 올림픽로 424 (방이동),37.51697248,127.1233521,올림픽공원(4),837,올림픽공원남2문,412
297,올림픽공원 케이스포돔,,서울특별시 송파구 올림픽로 424 (방이동),37.51932884,127.1273717,올림픽공원(4),500,올림픽선수촌아파트,497
298,올림픽공원 테니스경기장,,서울특별시 송파구 올림픽로 424 (방이동),37.5136516,127.1282217,올림픽공원(3),496,올림픽공원테니스장,151
299,올림픽기념국민생활관,,서울특별시 종로구 성균관로 91 (혜화동),37.5904592,126.9987998,혜화(4),805,국민생활관,26
300,올림픽역도경기장,,서울특별시 송파구 올림픽로 424 (방이동),37.5167635,127.1250146,,,,
301,와룡스포츠센터,,서울특별시 종로구 명륜길 26 (명륜3가),37.58868768,126.9955379,,,,
302,와산교 좌안 하류 간이운동장,,서울특별시 서대문구 서울특별시 서대문구 불광천길 284,37.58670102,126.9135221,,,동도하이츠아파트,338
303,외천주민운동시설,,서울특별시 종로구 혜화동,37.581891,126.997226,,,,
304,용마폭포공원 인조잔디축구장,,중랑구 면목동 산1-4,37.57323297,127.091262,용마산(1),678,용마폭포공원,488
305,용마폭포공원 테니스장,,서울특별시 중랑구 용마산로 250-12 (면목동),37.57335201,127.0891221,,,,
306,용산문화체육센터,,서울특별시 용산구 백범로 350 (문배동),37.53724193,126.9676267,효창공원앞(5),466,문배동등기소앞,69
307,용산청소년수련관,,서울특별시 용산구 이촌로71길 24 (이촌동),37.52135688,126.9732987,이촌(4),99,이촌동한강맨션.이촌역,131
308,원효로 다목적 실내체육관,,서울 용산구 원효로3가 51-25,37.53315899,126.9572742,용산(3),813,원효로3가,104
309,월계구민체육센터,,서울특별시 노원구 월계로 298 (월계동),37.62663214,127.0547342,,,,
310,유석 조기회 내 간이운동시설(인수동),,서울특별시 강북구 삼각산로 13 (수유동),37.63326519,127.0008044,,,본원정사,966
311,유소년스포츠센터,,서울특별시 강동구 상일로12길 60 (상일동),37.55528556,127.1742322,상일동(5),656,고덕리엔파크2단지,183
312,유호배드민턴장,,서울특별시 금천구 시흥4동,37.463367,126.911912,,,삼익아파트,271
313,은평구립축구장,,서울특별시 은평구 진관1로 46 (진관동),37.63044199,126.9235811,구파발(2),1015,은평구민체육센터앞,200
314,은평구민체육센터수영장,,은평구 진관외동 242-23외 1필지,37.63002706,126.9175275,,,,
315,은평다목적체육관,,서울특별시 은평구 진관1로 52 (진관동),37.6312465,126.9248718,구파발(2),1004,은평구민체육센터앞,200
316,은평인공암벽장,,서울특별시 은평구 통일로 1078 (진관동),37.63883853,126.9171612,구파발(1),377,구파발역,181
317,은하수어린이공원 농구장,,서울 강서구 방화동 853,37.57051625,126.8065012,,,,
318,응봉(한마음) 배드민턴장,,서울특별시 중구 서울특별시 중구 신당동 309-61 일대,37.55167948,127.0145217,약수(4),646,중구청소년수련관.남산타운2상가,365
319,응봉근린공원한남구민테니스장,,서울특별시 용산구 한남대로 204 (한남동),37.54607252,127.0028969,,,,
320,응봉근린공원한남테니스장,,서울특별시 용산구 다산로 8-12 (한남동),37.54642749,127.0038361,한강진(2),1092,장충단로입구,430
321,응봉테니스장,,응봉동 237-1,37.55159174,127.0368066,응봉(1),285,응봉역.광희중학교,262
322,응봉풋살장,,서울 성동구 응봉동 240-1,37.551179,127.0362099,,,,
323,이문체육문화센터,,서울특별시 동대문구 한천로58길 81-49 (이문동),37.6022458,127.068703,신이문(3),113,신이문역,391
324,이문체육문화센터 테니스장,,서울특별시 동대문구 한천로58길 81-49 (이문동),37.60230914,127.0690087,,,,
325,인라인스케이트장,,서울특별시 구로구 서울특별시 구로구 신도림동 285-22,37.50899295,126.8747043,,,,
326,일원스포츠문화센터,,"서울특별시 강남구 영동대로 22 (일원동, 디에이치 자이 개포)",37.49109411,127.074164,대모산입구(5),219,공무원아파트,239
327,일자산제2체육관,,서울특별시 강동구 동남로 620 (둔촌동),37.52935962,127.1497033,중앙보훈병원(3),69,중앙보훈병원역3번출구,63
328,잠실 자연형 물놀이장,,서울특별시 송파구 한가람로 65 (잠실동),37.51762881,127.0867373,,,,
329,잠실1동 체육시설,,서울특별시 송파구 올림픽로 92 (잠실동),37.51658646,127.0830686,잠실새내(6),556,잠실새내역4번출구,720
330,잠실2동 체육시설,,서울특별시 송파구 올림픽로12길 5-21 (잠실동),37.51715562,127.0901983,잠실새내(8),932,잠실3사거리,685
331,잠실6동 체육시설,,"서울특별시 송파구 올림픽로35길 104 (신천동, 장미아파트)",37.52158991,127.0997172,잠실나루(4),689,잠실대교,610
332,잠실7동 체육시설,,"서울특별시 송파구 올림픽로4길 42 (잠실동, 우성아파트)",37.50316435,127.0754566,종합운동장(3),1005,아주중학교,345
333,잠실보조경기장,,서울특별시 송파구 올림픽로 25 (잠실동),37.51619977,127.0759403,종합운동장(9),598,종합운동장사거리,406
334,잠실어울림축구장,,서울특별시 송파구 탄천동로 211 (잠실동),37.50293647,127.0794599,삼전(4),859,아시아선수촌아파트삼거리.성현교회,357
335,잠원 한강공원 수영장,,서울특별시 서초구 잠원로 221-124 (잠원동),37.52075055,127.0122729,,,,
336,잠원스포츠파크,,서울특별시 서초구 신반포로23길 66 (잠원동),37.51099465,127.0049767,고속터미널(8-2),635,한신2차후문,106
337,잠원스포프파크,,서울특별시 서초구 반포3동,37.51093,127.005253,,,,
338,잠원체육시설,,서울특별시 서초구 잠원동,37.513423,127.011401,잠원(3),76,잠원역,82
339,장군봉체육관,,서울특별시 관악구 남부순환로194길 81-12 (신림동),37.48146698,126.9347706,신림(1),662,관악우체국.양지병원,523
340,장수 배드민턴장 내 간이운동시설(빨래골),,서울특별시 강북구 삼각산로 13 (수유동),37.62574178,127.0064343,솔샘(2),1701,빨래골,448
341,장충리틀야구장,,서울 중구 장충동2가 산 7-55,37.55614665,127.0036595,동대입구(6),354,동대입구역.장충동,223
342,장충문화체육센터,,서울특별시 중구 퇴계로50길 59(장충동2가),37.5599708,127.001327,,,,
343,장충문화체육센터,,서울특별시 중구 퇴계로50길 59 (장충동2가),37.55996954,127.0013265,동대입구(6),360,앰배서더호텔,144
344,장충체육관,,서울특별시 중구 동호로 241 (장충동2가),37.55864066,127.0066775,,,,
345,장충테니스장,,장충동2가200-102,37.55816015,127.0068178,동대입구(5),20,장충체육관앞,93
346,제계골 내 간이운동시설(아카데미하우스),,서울특별시 강북구 삼각산로 13 (수유동),37.63925224,127.0005892,,,아카데미하우스.통일교육원,325
347,조원생활스포츠센터,,서울특별시 관악구 조원로 25 (신림동),37.48370831,126.9054333,신대방(1),,조원동기점,69
348,종로구립탁구전용구장,,서울특별시 종로구 송월길 154 (행촌동),37.57191423,126.9619609,,,교남동새마을금고,58
349,종로구민회관,,서울특별시 종로구 지봉로5길 7-5 (창신동),37.57350163,127.0143674,동묘앞(8),163,종로구민회관.창신동두산아파트,90
350,종로문화체육센터,,서울특별시 종로구 인왕산로1길 21 (사직동),37.57421081,126.9646629,경복궁(1),848,종로문화센터,31
351,종합행정타운 구민이용 체력단련실,,서울특별시 용산구 녹사평대로 150 (이태원동),37.53245229,126.9904788,,,,
352,중곡문화체육센터,,서울특별시 광진구 능동로 433 (중곡동),37.56777776,127.0848034,중곡(3),105,용곡삼거리,78
353,중구회현체육센터,,서울특별시 중구 퇴계로12길 78(회현동1가),37.55603157,126.9816378,회현(1),410,백범광장,556
354,중랑구립잔디운동장,,서울특별시 중랑구 송림길 200 (망우동),37.60693936,127.1137723,양원(2),573,양원역,527
355,중랑구립테니스장,,서울 중랑구 신내동 1-3,37.61220137,127.1140851,,,,
356,중랑구립테니스장,,서울특별시 중랑구 구리포천고속도로 3(신내동),37.61183729,127.1139857,양원(1),1666,우디안아파트220동앞,516
357,중랑구립파크골프장,,서울 중랑구 중화동 345-2,37.60524455,127.072198,,,,
358,중랑구민체육센터,,서울특별시 중랑구 신내로15길 189 (묵동),37.61518239,127.0874804,봉화산(서울의료원)(4),415,구립도서관체육관,48
359,중랑문화체육관,,서울특별시 중랑구 사가정로72길 47 (면목동),37.57941383,127.0957617,사가정(4),648,면중초등학교,332
360,중랑문화체육관 수영장,,서울특별시 중랑구 사가정로72길 47 (면목동),37.5793021,127.0957707,사가정(4),648,면중초등학교,332
361,중랑스포츠클라이밍 경기장,,서울특별시 중랑구 용마산로 250-12(면목동),37.57338396,127.0909428,용마산(1),666,용마폭포공원,476
362,중랑천워터파크,,서울특별시 노원구 덕릉로 430 (상계동),37.64339159,127.0559961,중계(5),885,마들근린공원.노원에코센터,528
363,중랑천체육공원인라인스케이트장,,서울 광진구 중곡동 455-9,37.56421908,127.0749753,,,,
364,중랑청소년수련관골프연습장,,서울특별시 중랑구 용마산로 217 (면목동),37.57322658,127.0859728,,,,
365,증산 2교 하류 간이운동장,,서울특별시 서대문구 서울특별시 서대문구 불광천길 202,37.58367524,126.9107631,,,증산역.증산동주민센터,156
366,증산2교 좌안상류 간이운동장,,서울특별시 서대문구 서울특별시 서대문구 증가로32길 23-7,37.58467073,126.9118171,,,북가좌119안전센터,226
367,증산3교 좌안 간이운동장,,서울특별시 서대문구 서울특별시 서대문구 불광천길 96,37.58005392,126.9069635,,,증산종합시장.증산중학교입구,118
368,증산생활체육광장,,서울특별시 은평구 증산동,37.58422,126.902792,증산(3),802,증산역,785
369,진관생활체육광장,,서울특별시 은평구 진관동,37.630019,126.916281,구파발(3),1317,미곡빌라,176
370,창동마을 체육시설,,서울특별시 종로구 혜화동,37.583143,126.996966,,,,
371,창동문화체육센터,,서울특별시 도봉구 창4동,37.658358,127.050699,,,,
372,채송화어린이공원 농구장,,서울 강서구 등촌동 694-1,37.56276229,126.8460549,,,,
373,천마공원축구장,,서울특별시 송파구 성내천로35길 53 (마천동),37.5005728,127.1591836,,,,
374,천연 야외운동시설,,서울 서대문구 천연동 140,37.56825262,126.9620669,독립문(4),865,감리신학대학교,52
375,천호어울림수영장,,서울특별시 강동구 올림픽로80길 60 (천호동),37.54240857,127.1283202,,,,
376,청담평생학습관골프연습장,,강남구 청담동35-10,37.51911268,127.0464374,청담(8),397,강남구청.강남세무서,156
377,청양마을 체육시설,,서울특별시 종로구 혜화동,37.58181,126.997192,,,,
378,초안산근린공원 축구장,,서울특별시 노원구 마들로5가길 113 (월계동),37.63836244,127.0517414,월계(1),1553,청백아파트1단지,672
379,초안산근린공원축구장,,월계동산1,37.64441745,127.0508165,,,,
380,초안산실내배드민턴장,,서울특별시 도봉구 덕릉로63길 76-10 (창동),37.64448616,127.0409542,쌍문(2),750,창성빌라,132
381,초안산인조잔디축구장,,서울특별시 도봉구 해등로3길 48-11 (창동),37.6474953,127.0413864,쌍문(2),728,중앙폐차장,283
382,충무아트홀스포츠센터,,서울특별시 중구 퇴계로 387(흥인동),37.56594097,127.0147909,신당(9),113,충무아트센터.스포츠센터.중부소방서,88
383,클린센터 요가장,,서울특별시 영등포구 도신로 1-16 (대림동),37.50429455,126.894418,대림(5),1250,현대2차아파트후문,181
384,태릉선수촌 국제스케이트장,,서울특별시 노원구 화랑로 727 (공릉동),37.63867122,127.1029779,,,한국스포츠정책과학원,314
385,태릉선수촌 빙상장,,서울특별시 노원구 화랑로 727 (공릉동),37.63759884,127.1032143,,,한국스포츠정책과학원,354
386,태릉선수촌 승리관,,서울특별시 노원구 화랑로 727 (공릉동),37.63478008,127.1016923,,,태릉선수촌,44
387,평창동(2)운동장,,서울특별시 종로구 평창30길 61 (평창동),37.61279703,126.9727768,,,무애사,384
388,평창동1운동장,,서울특별시 종로구 평창11길 19 (평창동),37.60713696,126.9656621,,,평창파출소,184
389,평창동주민센터뒤편체육시설,,서울특별시 종로구 평창문화로 65 (평창동),37.60637368,126.9683669,,,평창동주민센터,129
390,평창동주차장체육시설,,서울특별시 종로구 평창길 96 (평창동),37.61105397,126.9640067,,,소나무집,83
391,포방교 상류 간이운동장,,서울특별시 서대문구 서울특별시 서대문구 간호대로4길 20-13,37.59837295,126.948164,홍제(1),1267,간호대정문,195
392,포이테니스장,,서울특별시 강남구 개포로17길 14 (개포동),37.47562652,127.0553994,,,,
393,풍납1동 체육시설,,"서울특별시 송파구 한가람로 448 (풍납동, 동아한가람아파트)",37.53763151,127.1153528,천호(10),800,풍납동신성노바빌,71
394,풍납2동 체육시설,,서울특별시 송파구 토성로 2 (풍납동),37.53073426,127.1107488,몽촌토성(5),2254,한강극동아파트,61
395,풍납배드민턴장,,서울특별시 송파구 풍납동310-17,37.53065718,127.110312,잠실나루(1),1808,아산병원기숙사앞,36
396,한강공원뚝섬지구수영장,,서울특별시 광진구 동일로4길 56-10 (자양동),37.52965443,127.0670321,,,,
397,한강공원뚝섬지구축구장,,서울특별시 광진구 뚝섬로48길 66 (자양동),37.52831101,127.075991,,,,
398,한강로 소규모 체육센터,,서울특별시 용산구 이촌로29길 20 (한강로3가),37.52454793,126.9600646,,,,
399,한강시민공원뚝섬지구테니스장,,서울특별시 광진구 강변북로 139 (자양동),37.5273097,127.077834,,,,
400,한강천변다목적운동장,,경기도 고양시 덕양구 대덕산로 24-54 (덕은동),37.57825396,126.8613023,,,,
401,한내게이트볼장,,서울특별시 금천구 안양천동자전거길 1233 (독산동),37.45714969,126.8929741,,,,
402,항동생활체육관,,서울특별시 구로구 항동로 24 (항동),37.47708809,126.8229818,온수(4),1999,매화빌라,109
403,해공체육문화센터,,서울특별시 강동구 천중로18길 61 (천호동),37.54209445,127.1298319,천호(5),765,천호시장,167
404,해담는 다리 좌안 간이운동장,,서울특별시 서대문구 서울특별시 서대문구 불광천길156,37.58209545,126.9091256,,,서부운수기점,117
405,현저테니스장,,서울특별시 서대문구 통일로 279-37 (현저동),37.57401924,126.9527769,독립문(5),685,독립문파크빌,431
406,현충근린공원 테니스장,,"서울특별시 동작구 상도로55길 47 (상도동, 래미안상도2차아파트)",37.4983195,126.9589765,숭실대입구(3),826,삼성래미안아파트,66
407,현충근린공원(달마) 게이트볼장,,서울특별시 동작구 서달로 50-26 (흑석동),37.49848273,126.9621203,숭실대입구(3),1201,테니스장앞,388
408,호암족구장,,서울 금천구 시흥동 963-21,37.43828029,126.9045368,,,,
409,호암체련장,,서울특별시 금천구 시흥2동,37.451808,126.925883,,,벽산아파트1단지.호압사입구,825
410,홍연 2교 우안 하류 간이운동장,,서울특별시 서대문구 서울특별시 서대문구 모래내로 285,37.57774852,126.9294131,,,홍연2교현대교통종점,113
411,홍은테니스장,,서울특별시 서대문구 통일로48나길 33 (홍은동),37.59696014,126.9404151,홍제(1),1018,반석블레스아파트,261
412,홍제 3교 좌안 하류 간이운동장,,서울특별시 서대문구 서울특별시 서대문구 홍제내길 84,37.58613862,126.935827,홍제(4),957,평화슈퍼,23
413,홍제3교 좌안 상류 간이운동장,,서울특별시 서대문구 서울특별시 서대문구 홍제내길 168,37.58871655,126.9378538,홍제(4),625,남양아파트,100
414,홍제3교우안하류 간이운동장,,서울특별시 서대문구 서울특별시 서대문구 연희로 353,37.58941077,126.9353577,홍제(4),1044,그랜드힐튼호텔,242
415,홍제게이트볼장,,서울 서대문구 홍제동 278-14,37.59471836,126.9477861,홍제(1),830,홍은사회복지관별관,81
416,홍제교 좌안 상류 간이운동장,,서울특별시 서대문구 서울특별시 서대문구 세검정로3길 38,37.59298781,126.9463425,홍제(1),554,문화촌현대아파트,60
417,홍제천1체육시설,,서울특별시 종로구 세검정로 260 (신영동),37.60158549,126.9612391,,,세검정초등학교,69
418,홍제천2체육시설,,서울특별시 종로구 세검정로6길 38 (신영동),37.60004295,126.9610904,,,세검정.상명대,200
419,효창 배드민턴장,,서울 용산구 효창동 288-1,37.54699548,126.9620602,,,,
420,효창운동장,,서울특별시 용산구 효창원로 177-15 (효창동),37.54404088,126.9616452,,,,
421,효창운동장,,효창동3번지,37.54334885,126.9614549,,,,
422,효창종합사회복지관수영장,,서울특별시 용산구 효창원로 146-12 (효창동),37.54122299,126.9630174,효창공원앞(2),274,국민은행효창동지점,89
423,흑석체육센터,,서울특별시 동작구 현충로 73 (흑석동),37.51005567,126.9634717,흑석(1),66,흑석역,160
424,흥산배드민턴장,,서울특별시 금천구 시흥5동,37.444552,126.909256,석수(1),,신흥초등학교,